{"-1001284989482":{"banned":{"484305652":"@ajsbaka"},"owners":{"458011848":"@Ja\\_Mandeye\\_Nsle\\_Typerane\\_Vaqee"},"filterlist":[],"whitelist":[],"mods":{"493489357":"@Haj\\_ali\\_shah","392997949":"@Morganmbot","476396377":"@Shiekh\\_mamad","458011848":"@Ja\\_Mandeye\\_Nsle\\_Typerane\\_Vaqee"},"settings":{"lock_webpage":"yes","views":"yes","linkgp":"https://t.me/joinchat/HGU7WUyXYioCw6Llp5dZoQ","lock_edit":"no","lock_arabic":"no","english":"no","mute_all":"no","time_check":5,"num_msg_max":5,"lock_bots":"yes","mute_document":"no","lock_pin":"no","lock_mention":"no","mute_voice":"no","lock_markdown":"no","mute_audio":"no","mute_text":"no","ads":"yes","lock_username":"yes","mute_forward":"yes","fosh":"yes","flood":"yes","lock_join":"no","set_char":40,"set_name":"عضو گیری شیاطین سرخ و عزراییل","mute_keyboard":"yes","mute_video":"no","mute_location":"no","mute_gif":"no","welcome":"no","mute_game":"no","mute_tgservice":"no","emoji":"no","mute_photo":"no","lock_tabchi":"yes","mute_inline":"no","lock_spam":"yes","mute_sticker":"no","lock_hashtags":"yes","lock_link":"yes","mute_contact":"yes"},"is_silent_users":[]},"-1001130938178":{"banned":[],"owners":{"254425880":"@saeedd0099"},"filterlist":{"سکسی":true},"whitelist":[],"mods":{"420948691":"@Danii\\_am","478385414":"@Maral1166","501354652":"@ACMEROBOT","251042041":"@FS5958","480840116":"@Deldar5958","254425880":"@saeedd0099","452789928":"@Harli455","518617101":"@Mahtab13760","198688331":"@Peasar\\_mokh\\_radi"},"settings":{"lock_webpage":"yes","views":"no","mute_keyboard":"yes","mute_voice":"no","lock_arabic":"no","english":"no","mute_contact":"yes","time_check":5,"num_msg_max":5,"lock_bots":"yes","mute_document":"no","lock_mention":"no","lock_pin":"no","lock_spam":"yes","mute_audio":"no","mute_text":"no","mute_video":"no","lock_username":"yes","mute_forward":"yes","fosh":"no","emoji":"no","lock_join":"no","set_char":40,"set_name":"🎀کافه چت خراسانیا🎀","welcome":"no","lock_link":"yes","mute_location":"no","ads":"no","mute_inline":"no","mute_game":"no","mute_tgservice":"yes","mute_gif":"no","mute_photo":"no","lock_tabchi":"no","flood":"yes","lock_edit":"no","mute_sticker":"no","lock_hashtags":"no","mute_all":"no","lock_markdown":"no"},"is_silent_users":{"474843323":"@Tantook"}},"-1001189871888":{"banned":[],"owners":{"419374724":"@King\\_mshhad"},"filterlist":[],"whitelist":[],"mods":{"542325286":"@Tik\\_tak\\_30k\\_3ak","409217790":"ادمین اصلی","281913496":"@Mory\\_bangy","419374724":"@King\\_mshhad","131976106":"خسته از لبخند","467610784":"@MORGAN\\_TG","493244786":"@Sahar12667","476396377":"@Shiekh\\_mamad","331934400":"@nefrin\\_shodim"},"settings":{"mute_game":"no","views":"yes","mute_keyboard":"yes","mute_voice":"no","lock_arabic":"no","english":"no","mute_all":"no","time_check":5,"num_msg_max":5,"lock_bots":"yes","lock_pin":"no","lock_mention":"no","lock_spam":"yes","emoji":"no","mute_audio":"no","mute_text":"no","lock_edit":"no","lock_username":"yes","mute_forward":"yes","fosh":"yes","mute_video":"no","lock_join":"no","mute_document":"no","set_name":"Ｇρ.ρεⓢﾑЯ ცﾑの","welcome":"no","lock_link":"yes","mute_location":"no","mute_gif":"no","mute_inline":"no","lock_webpage":"yes","mute_tgservice":"no","lock_markdown":"no","mute_photo":"no","lock_tabchi":"no","flood":"yes","set_char":40,"mute_sticker":"no","lock_hashtags":"no","ads":"yes","mute_contact":"yes"},"is_silent_users":[]},"-1001180066294":{"banned":[],"owners":{"482559811":"@Omidreza24"},"filterlist":{"/":true,"@":true,"#":true},"whitelist":[],"mods":{"326256660":"@Vahidreza24","467610784":"@MORGAN\\_TG","482559811":"@Omidreza24","476396377":"@Shiekh\\_mamad","501173247":"👑💪SAjèDEH💪👑"},"settings":{"lock_webpage":"yes","views":"no","mute_keyboard":"yes","mute_voice":"yes","lock_arabic":"no","english":"no","mute_all":"no","time_check":5,"num_msg_max":5,"lock_bots":"yes","mute_inline":"yes","lock_mention":"no","lock_pin":"no","lock_markdown":"no","mute_audio":"no","mute_text":"no","lock_edit":"no","lock_username":"yes","mute_forward":"yes","fosh":"no","emoji":"no","lock_join":"no","mute_document":"yes","set_name":"Robot (cli & api)","welcome":"no","lock_link":"yes","mute_location":"yes","ads":"no","set_char":40,"mute_game":"no","mute_tgservice":"no","lock_spam":"no","mute_photo":"yes","lock_tabchi":"yes","flood":"yes","mute_gif":"yes","mute_sticker":"no","lock_hashtags":"no","mute_video":"yes","mute_contact":"yes"},"is_silent_users":[]},"-1001380513343":{"banned":[],"owners":[],"filterlist":[],"whitelist":[],"mods":[],"settings":{"mute_game":"no","views":"no","mute_keyboard":"yes","lock_edit":"no","lock_arabic":"no","english":"no","mute_contact":"yes","time_check":5,"num_msg_max":5,"lock_bots":"yes","ads":"no","lock_mention":"no","mute_inline":"no","lock_spam":"yes","mute_audio":"no","mute_text":"no","welcome":"no","lock_username":"yes","mute_forward":"yes","fosh":"no","emoji":"no","lock_join":"no","mute_document":"no","set_name":"Hełł Bøт","lock_pin":"no","mute_video":"no","mute_location":"no","mute_gif":"no","set_char":40,"lock_webpage":"yes","mute_tgservice":"no","lock_markdown":"no","mute_photo":"no","lock_tabchi":"no","flood":"yes","mute_all":"no","mute_sticker":"no","lock_hashtags":"no","mute_voice":"no","lock_link":"yes"},"is_silent_users":[]},"-1001268430291":{"banned":[],"owners":{"476396377":"@Shiekh\\_mamad"},"filterlist":[],"whitelist":[],"mods":{"295259930":"@f4rzinn","476396377":"@Shiekh\\_mamad","482559811":"@Omidreza24"},"settings":{"lock_webpage":"yes","views":"yes","mute_keyboard":"yes","mute_voice":"no","lock_arabic":"no","english":"no","mute_contact":"yes","time_check":5,"num_msg_max":5,"lock_bots":"yes","ads":"yes","lock_mention":"no","lock_pin":"no","lock_markdown":"no","mute_audio":"no","mute_text":"no","emoji":"no","lock_username":"yes","mute_forward":"yes","fosh":"yes","lock_spam":"yes","lock_join":"no","mute_document":"no","set_name":"🔰پشتیبانی مورگان🔰","mute_all":"no","mute_video":"no","mute_location":"no","mute_gif":"no","flood":"yes","mute_game":"no","mute_tgservice":"no","welcome":"no","mute_photo":"no","lock_tabchi":"yes","mute_inline":"no","set_char":40,"mute_sticker":"no","lock_hashtags":"yes","lock_edit":"no","lock_link":"yes"},"is_silent_users":[]},"-1001170585954":{"banned":[],"owners":{"376443526":"@Shah\\_kol\\_ezrail"},"filterlist":[],"whitelist":[],"mods":{"376443526":"@Shah\\_kol\\_ezrail","396900667":"@Queen\\_kol\\_ezrail","498775329":"@khaleq\\_tel\\_ostore\\_kingjahanam","426188247":"@Btezrailantispn","476396377":"@Shiekh\\_mamad","492295926":"@FUCKREL\\_sik","415838466":"@Farzadnefrat"},"settings":{"lock_webpage":"yes","views":"no","mute_keyboard":"yes","mute_voice":"no","lock_arabic":"no","english":"no","mute_contact":"yes","time_check":5,"num_msg_max":5,"lock_bots":"yes","mute_video":"no","lock_mention":"no","lock_pin":"no","lock_spam":"yes","mute_audio":"no","mute_text":"no","lock_markdown":"no","lock_username":"yes","mute_forward":"yes","fosh":"yes","mute_all":"no","lock_join":"no","mute_document":"no","set_name":"ک̃̃س̃̃ چ̃̃ت̃̃ ش̃̃ا̃̃ه̃̃ی̃̃ن̃̃ ع̃̃ز̃̃ر̃̃ا̃̃ی̃̃ی̃̃ل̃̃","welcome":"no","lock_link":"yes","mute_location":"no","mute_gif":"no","flood":"yes","mute_game":"yes","mute_tgservice":"no","emoji":"no","mute_photo":"no","lock_tabchi":"no","mute_inline":"yes","set_char":40,"mute_sticker":"no","lock_hashtags":"yes","lock_edit":"no","ads":"yes"},"is_silent_users":[]},"-1001314218057":{"banned":[],"owners":[],"filterlist":[],"whitelist":[],"mods":[],"settings":{"lock_webpage":"yes","views":"no","mute_keyboard":"yes","mute_voice":"no","lock_arabic":"no","english":"no","mute_contact":"yes","time_check":5,"num_msg_max":5,"lock_bots":"yes","mute_video":"no","lock_mention":"no","lock_pin":"no","lock_spam":"yes","mute_audio":"no","mute_text":"no","emoji":"no","lock_username":"yes","mute_forward":"yes","fosh":"no","lock_markdown":"no","lock_join":"no","mute_document":"no","set_name":"✅ Tiniger Support 🔰","mute_all":"no","lock_link":"yes","mute_location":"no","mute_gif":"no","flood":"yes","mute_game":"no","mute_tgservice":"no","welcome":"no","mute_photo":"no","lock_tabchi":"no","mute_inline":"no","set_char":40,"mute_sticker":"no","lock_hashtags":"no","lock_edit":"no","ads":"no"},"is_silent_users":[]},"-1001154798517":{"banned":[],"owners":[],"filterlist":[],"whitelist":[],"mods":[],"settings":{"lock_webpage":"yes","views":"no","mute_keyboard":"yes","lock_edit":"no","lock_arabic":"no","english":"no","mute_contact":"yes","time_check":5,"num_msg_max":5,"lock_bots":"yes","mute_inline":"no","lock_mention":"no","ads":"no","lock_spam":"yes","mute_audio":"no","mute_text":"no","welcome":"no","lock_username":"yes","mute_forward":"yes","fosh":"no","emoji":"no","lock_join":"no","set_char":40,"set_name":"دوستای صمیمی :)","lock_pin":"no","lock_link":"yes","mute_location":"no","mute_gif":"no","mute_document":"no","mute_game":"no","mute_tgservice":"no","mute_video":"no","mute_photo":"no","lock_tabchi":"no","flood":"yes","mute_all":"no","mute_sticker":"no","lock_hashtags":"no","mute_voice":"no","lock_markdown":"no"},"is_silent_users":[]},"-1001329995520":{"banned":[],"owners":[],"filterlist":[],"whitelist":[],"mods":[],"settings":{"lock_webpage":"yes","views":"no","mute_keyboard":"yes","mute_voice":"no","lock_arabic":"no","english":"no","mute_contact":"yes","time_check":5,"num_msg_max":5,"lock_bots":"yes","lock_pin":"no","lock_mention":"no","mute_gif":"no","lock_markdown":"no","mute_audio":"no","mute_text":"no","emoji":"no","lock_username":"yes","mute_forward":"yes","fosh":"no","welcome":"no","lock_join":"no","mute_document":"no","set_name":"sᴇʟғʙᴏᴛs","mute_all":"no","mute_video":"no","mute_location":"no","ads":"no","flood":"yes","mute_game":"no","mute_tgservice":"no","lock_spam":"yes","mute_photo":"no","lock_tabchi":"no","mute_inline":"no","set_char":40,"mute_sticker":"no","lock_hashtags":"no","lock_edit":"no","lock_link":"yes"},"is_silent_users":[]},"-1001392433411":{"banned":[],"owners":[],"filterlist":[],"whitelist":[],"mods":[],"settings":{"lock_webpage":"yes","views":"yes","mute_keyboard":"yes","mute_voice":"no","lock_arabic":"no","english":"no","mute_contact":"yes","time_check":5,"num_msg_max":5,"lock_bots":"yes","lock_pin":"no","lock_mention":"no","mute_video":"no","lock_markdown":"no","mute_audio":"no","mute_text":"no","lock_edit":"no","lock_username":"yes","mute_forward":"yes","fosh":"no","emoji":"no","lock_join":"no","mute_document":"no","set_name":"#мσяɢαп.тεαм","welcome":"no","lock_link":"yes","mute_location":"no","mute_gif":"no","flood":"yes","mute_game":"yes","mute_tgservice":"no","lock_spam":"no","mute_photo":"no","lock_tabchi":"yes","mute_inline":"yes","set_char":40,"mute_sticker":"no","lock_hashtags":"no","ads":"yes","mute_all":"no"},"is_silent_users":[]},"-1001380334424":{"banned":[],"owners":{"476396377":"@Shiekh\\_mamad"},"filterlist":[],"whitelist":[],"mods":{"439537667":"@King\\_kol\\_tel\\_mnm\\_ravele","477209738":"#мorɢαɴ\\_тɢ","476396377":"@Shiekh\\_mamad","458011848":"@Ja\\_Mandeye\\_Nsle\\_Typerane\\_Vaqee"},"settings":{"lock_webpage":"yes","views":"no","mute_keyboard":"yes","lock_edit":"no","lock_arabic":"no","english":"no","mute_contact":"yes","time_check":5,"num_msg_max":5,"lock_bots":"yes","mute_inline":"no","lock_mention":"no","ads":"no","lock_spam":"yes","mute_audio":"no","mute_text":"no","welcome":"no","lock_username":"yes","mute_forward":"yes","fosh":"no","emoji":"no","lock_join":"no","mute_document":"no","set_name":"{sɦaʏatɨռ_sօʀҡɦ} 🇬2","lock_pin":"no","mute_video":"no","mute_location":"no","mute_gif":"no","set_char":40,"mute_game":"no","mute_tgservice":"no","lock_markdown":"no","mute_photo":"no","lock_tabchi":"no","flood":"yes","mute_all":"no","mute_sticker":"no","lock_hashtags":"no","mute_voice":"no","lock_link":"yes"},"is_silent_users":[]},"-1001328181565":{"banned":[],"owners":{"456982574":"@farhan\\_Lavmi"},"filterlist":[],"whitelist":[],"mods":{"456982574":"@farhan\\_Lavmi"},"settings":{"lock_webpage":"yes","views":"no","mute_keyboard":"yes","lock_edit":"no","lock_arabic":"no","english":"no","mute_contact":"yes","time_check":5,"num_msg_max":5,"lock_bots":"yes","mute_inline":"no","lock_mention":"no","lock_pin":"no","lock_markdown":"no","mute_audio":"no","mute_text":"no","lock_spam":"yes","lock_username":"yes","mute_forward":"yes","fosh":"no","emoji":"no","lock_join":"no","mute_document":"no","set_name":"ت","mute_video":"no","lock_link":"yes","mute_location":"no","mute_gif":"no","set_char":40,"mute_game":"no","mute_tgservice":"no","mute_all":"no","mute_photo":"no","lock_tabchi":"no","flood":"yes","welcome":"no","mute_sticker":"no","lock_hashtags":"no","mute_voice":"no","ads":"no"},"is_silent_users":[]},"-1001201220745":{"banned":[],"owners":[],"filterlist":[],"whitelist":[],"mods":[],"settings":{"lock_webpage":"yes","views":"no","mute_keyboard":"yes","mute_voice":"no","lock_arabic":"no","english":"no","mute_contact":"yes","time_check":5,"num_msg_max":5,"lock_bots":"yes","mute_document":"no","lock_mention":"no","lock_pin":"no","lock_spam":"yes","mute_audio":"no","mute_text":"no","lock_edit":"no","lock_username":"yes","mute_forward":"yes","fosh":"no","lock_markdown":"no","lock_join":"no","set_char":40,"set_name":"🌐ιиfσρℓυѕ™🌐","mute_all":"no","lock_link":"yes","mute_location":"no","mute_gif":"no","mute_inline":"no","mute_game":"no","mute_tgservice":"no","welcome":"no","mute_photo":"no","lock_tabchi":"no","flood":"yes","emoji":"no","mute_sticker":"no","lock_hashtags":"no","ads":"no","mute_video":"no"},"is_silent_users":[]},"-1001218859393":{"banned":[],"owners":[],"filterlist":[],"whitelist":[],"mods":[],"settings":{"mute_game":"no","views":"yes","mute_keyboard":"yes","lock_edit":"no","lock_arabic":"no","english":"no","mute_contact":"yes","time_check":5,"num_msg_max":5,"lock_bots":"yes","ads":"yes","lock_mention":"no","lock_pin":"no","lock_spam":"yes","mute_audio":"no","mute_text":"no","lock_markdown":"no","lock_username":"yes","mute_forward":"yes","fosh":"yes","emoji":"no","lock_join":"no","mute_document":"no","set_name":"̴S̴̴p̴̴e̴̴c̴̴i̴̴a̴̴l̴ ̴g̴̴u̴̴a̴̴r̴̴d̴̴.̴s̴̴h̴̴a̴̴y̴̴a̴̴t̴̴i̴̴n̴.̴s̴̴o̴̴r̴̴k̴̴h̴","mute_inline":"no","lock_link":"yes","mute_location":"no","mute_gif":"no","set_char":40,"lock_webpage":"yes","mute_tgservice":"no","mute_all":"no","mute_photo":"no","lock_tabchi":"yes","flood":"yes","welcome":"no","mute_sticker":"no","lock_hashtags":"yes","mute_voice":"no","mute_video":"no"},"is_silent_users":[]},"-1001255521265":{"banned":[],"owners":[],"filterlist":[],"whitelist":[],"mods":[],"settings":{"mute_game":"no","views":"no","mute_keyboard":"yes","lock_edit":"no","lock_arabic":"no","english":"no","mute_contact":"yes","time_check":5,"num_msg_max":5,"lock_bots":"yes","lock_link":"yes","lock_mention":"no","lock_pin":"no","lock_markdown":"no","mute_audio":"no","mute_text":"no","emoji":"no","lock_username":"yes","mute_forward":"yes","fosh":"no","lock_spam":"yes","lock_join":"no","mute_document":"no","set_name":"مورگان","mute_all":"no","mute_video":"no","mute_location":"no","mute_gif":"no","flood":"yes","lock_webpage":"yes","mute_tgservice":"no","welcome":"no","mute_photo":"no","lock_tabchi":"no","mute_inline":"no","set_char":40,"mute_sticker":"no","lock_hashtags":"no","mute_voice":"no","ads":"no"},"is_silent_users":[]},"-1001218884774":{"banned":[],"owners":{"487163114":"@King\\_marg\\_maqziyam"},"filterlist":[],"whitelist":[],"mods":{"361212691":"@Qors\\_brnj3","423609536":"@Abar\\_member\\_sade\\_tel","508046329":"@MohaCkeme","476396377":"@Shiekh\\_mamad","487163114":"@King\\_marg\\_maqziyam"},"settings":{"mute_game":"yes","views":"no","linkgp":"https://t.me/joinchat/HGU7WUimtKajZOSt2rkMWw","mute_voice":"no","lock_arabic":"no","english":"no","mute_contact":"yes","time_check":5,"num_msg_max":5,"lock_bots":"yes","mute_gif":"no","emoji":"no","lock_mention":"no","lock_edit":"no","lock_markdown":"no","mute_audio":"no","mute_text":"no","mute_keyboard":"yes","lock_username":"yes","mute_forward":"yes","fosh":"yes","lock_pin":"no","lock_join":"no","mute_document":"no","set_name":"Gr Mehrab fucker","flood":"yes","mute_video":"no","mute_location":"no","ads":"yes","lock_webpage":"yes","mute_all":"no","mute_tgservice":"no","lock_spam":"yes","mute_photo":"no","lock_tabchi":"no","mute_inline":"yes","welcome":"no","mute_sticker":"no","lock_hashtags":"yes","lock_link":"yes","set_char":40},"is_silent_users":[]},"-1001233552286":{"banned":[],"owners":{"476396377":"@Shiekh\\_mamad"},"filterlist":{"شکن روشن کن":true},"whitelist":[],"mods":{"413757648":"@Morgan\\_tg\\_bot","467610784":"@MORGAN\\_TG","498135121":"@Khack\\_Shode","439537667":"@King\\_kol\\_tel\\_mnm\\_ravele","392997949":"@Morganmbot","476396377":"@Shiekh\\_mamad","458011848":"@Ja\\_Mandeye\\_Nsle\\_Typerane\\_Vaqee"},"settings":{"lock_webpage":"yes","views":"yes","mute_keyboard":"yes","lock_edit":"no","lock_arabic":"no","english":"no","mute_contact":"yes","time_check":5,"num_msg_max":5,"lock_bots":"yes","mute_inline":"no","lock_mention":"no","ads":"yes","lock_spam":"yes","mute_audio":"no","mute_text":"no","welcome":"no","lock_username":"yes","mute_forward":"yes","fosh":"yes","emoji":"no","lock_join":"no","mute_document":"no","set_name":"{sɦaʏatɨռ_sօʀҡɦ} ɢ1","lock_pin":"no","mute_video":"no","mute_location":"no","mute_gif":"no","set_char":40,"mute_game":"no","mute_tgservice":"no","lock_markdown":"no","mute_photo":"no","lock_tabchi":"yes","flood":"yes","mute_all":"no","mute_sticker":"no","lock_hashtags":"yes","mute_voice":"no","lock_link":"yes"},"is_silent_users":[]},"-1001272036171":{"banned":[],"owners":[],"filterlist":[],"whitelist":[],"mods":[],"is_silent_users":[],"settings":{"mute_game":"no","views":"no","mute_keyboard":"yes","lock_edit":"no","lock_arabic":"no","english":"no","mute_contact":"yes","time_check":5,"num_msg_max":5,"lock_bots":"yes","lock_markdown":"no","lock_mention":"no","lock_pin":"no","lock_spam":"yes","mute_audio":"no","mute_text":"no","ads":"no","lock_username":"yes","mute_forward":"yes","fosh":"no","mute_voice":"no","lock_join":"no","set_char":40,"set_name":"تستستستستست","emoji":"no","lock_link":"yes","mute_location":"no","mute_gif":"no","flood":"yes","lock_webpage":"yes","mute_tgservice":"no","mute_video":"no","mute_photo":"no","lock_tabchi":"no","mute_inline":"no","welcome":"no","mute_sticker":"no","lock_hashtags":"no","mute_all":"no","mute_document":"no"}},"groups":{"-1001284989482":"-1001284989482","-1001130938178":"-1001130938178","-1001189871888":"-1001189871888","-1001180066294":"-1001180066294","-1001380513343":"-1001380513343","-1001268430291":"-1001268430291","-1001170585954":"-1001170585954","-1001314218057":"-1001314218057","-1001154798517":"-1001154798517","-1001329995520":"-1001329995520","-1001392433411":"-1001392433411","-1001380334424":"-1001380334424","-1001197966500":"-1001197966500","-1001218859393":"-1001218859393","-1001103486173":"-1001103486173","-1001328181565":"-1001328181565","-1001218884774":"-1001218884774","-1001272036171":"-1001272036171","-1001255521265":"-1001255521265","-1001233552286":"-1001233552286","-1001201220745":"-1001201220745"},"-1001103486173":{"banned":[],"owners":[],"filterlist":[],"whitelist":[],"mods":[],"settings":{"lock_webpage":"yes","views":"no","mute_keyboard":"yes","mute_voice":"no","lock_arabic":"no","english":"no","mute_contact":"yes","time_check":5,"num_msg_max":5,"lock_bots":"yes","lock_pin":"no","lock_mention":"no","mute_video":"no","lock_markdown":"no","mute_audio":"no","mute_text":"no","emoji":"no","lock_username":"yes","mute_forward":"yes","fosh":"no","mute_all":"no","lock_join":"no","mute_document":"no","set_name":"🅖🅤🅢🅣_🅑🅞🅣","welcome":"no","lock_link":"yes","mute_location":"no","mute_gif":"no","flood":"yes","mute_game":"no","mute_tgservice":"no","lock_spam":"yes","mute_photo":"no","lock_tabchi":"no","mute_inline":"no","set_char":40,"mute_sticker":"no","lock_hashtags":"no","lock_edit":"no","ads":"no"},"is_silent_users":[]},"-1001197966500":{"banned":[],"owners":[],"filterlist":[],"whitelist":[],"mods":[],"settings":{"lock_webpage":"yes","views":"no","mute_keyboard":"yes","mute_voice":"no","lock_arabic":"no","english":"no","mute_contact":"yes","time_check":5,"num_msg_max":5,"lock_bots":"yes","mute_video":"no","lock_mention":"no","lock_pin":"no","lock_spam":"yes","mute_audio":"no","mute_text":"no","emoji":"no","lock_username":"yes","mute_forward":"yes","fosh":"no","lock_markdown":"no","lock_join":"no","mute_document":"no","set_name":"تست","mute_all":"no","lock_link":"yes","mute_location":"no","mute_gif":"no","flood":"yes","mute_game":"no","mute_tgservice":"no","welcome":"no","mute_photo":"no","lock_tabchi":"no","mute_inline":"no","set_char":40,"mute_sticker":"no","lock_hashtags":"no","lock_edit":"no","ads":"no"},"is_silent_users":[]}}